face_index,x_approx_m,tau_magnitude_kin_m2_s2,delta_pct_vs_analytical,in_developed_region
0,0.0005,1.190111e-03,-0.8241,False
1,0.0015,1.236072e-03,3.0060,False
2,0.0025,1.195515e-03,-0.3737,False
3,0.0035,1.215683e-03,1.3069,False
4,0.0045,1.201949e-03,0.1624,False
5,0.0055,1.208704e-03,0.7254,False
6,0.0065,1.203946e-03,0.3288,False
7,0.0075,1.206052e-03,0.5044,False
8,0.0085,1.204354e-03,0.3628,False
9,0.0095,1.204951e-03,0.4126,False
10,0.0105,1.204286e-03,0.3572,False
11,0.0115,1.204427e-03,0.3689,False
12,0.0125,1.204123e-03,0.3436,False
13,0.0135,1.204123e-03,0.3436,False
14,0.0145,1.203962e-03,0.3302,False
15,0.0155,1.203920e-03,0.3267,False
16,0.0165,1.203822e-03,0.3185,False
17,0.0175,1.203774e-03,0.3145,False
18,0.0185,1.203707e-03,0.3089,False
19,0.0195,1.203663e-03,0.3053,False
20,0.0205,1.203614e-03,0.3012,False
21,0.0215,1.203577e-03,0.2981,False
22,0.0225,1.203539e-03,0.2949,False
23,0.0235,1.203508e-03,0.2924,False
24,0.0245,1.203479e-03,0.2899,False
25,0.0255,1.203453e-03,0.2878,False
26,0.0265,1.203429e-03,0.2858,False
27,0.0275,1.203408e-03,0.2840,False
28,0.0285,1.203389e-03,0.2824,False
29,0.0295,1.203372e-03,0.2810,False
30,0.0305,1.203356e-03,0.2797,False
31,0.0315,1.203342e-03,0.2785,False
32,0.0325,1.203329e-03,0.2774,False
33,0.0335,1.203317e-03,0.2764,False
34,0.0345,1.203306e-03,0.2755,False
35,0.0355,1.203297e-03,0.2747,False
36,0.0365,1.203288e-03,0.2740,False
37,0.0375,1.203280e-03,0.2733,False
38,0.0385,1.203273e-03,0.2727,False
39,0.0395,1.203266e-03,0.2722,False
40,0.0405,1.203260e-03,0.2717,False
41,0.0415,1.203255e-03,0.2712,False
42,0.0425,1.203250e-03,0.2708,False
43,0.0435,1.203246e-03,0.2705,False
44,0.0445,1.203241e-03,0.2701,False
45,0.0455,1.203238e-03,0.2698,False
46,0.0465,1.203234e-03,0.2695,False
47,0.0475,1.203231e-03,0.2693,False
48,0.0485,1.203229e-03,0.2690,False
49,0.0495,1.203226e-03,0.2688,False
50,0.0505,1.203224e-03,0.2686,True
51,0.0515,1.203222e-03,0.2685,True
52,0.0525,1.203220e-03,0.2683,True
53,0.0535,1.203218e-03,0.2682,True
54,0.0545,1.203217e-03,0.2680,True
55,0.0555,1.203215e-03,0.2679,True
56,0.0565,1.203214e-03,0.2678,True
57,0.0575,1.203213e-03,0.2677,True
58,0.0585,1.203212e-03,0.2676,True
59,0.0595,1.203211e-03,0.2675,True
60,0.0605,1.203210e-03,0.2675,True
61,0.0615,1.203209e-03,0.2674,True
62,0.0625,1.203208e-03,0.2673,True
63,0.0635,1.203208e-03,0.2673,True
64,0.0645,1.203207e-03,0.2672,True
65,0.0655,1.203206e-03,0.2672,True
66,0.0665,1.203206e-03,0.2672,True
67,0.0675,1.203205e-03,0.2671,True
68,0.0685,1.203205e-03,0.2671,True
69,0.0695,1.203205e-03,0.2671,True
70,0.0705,1.203204e-03,0.2670,True
71,0.0715,1.203204e-03,0.2670,True
72,0.0725,1.203204e-03,0.2670,True
73,0.0735,1.203203e-03,0.2670,True
74,0.0745,1.203203e-03,0.2669,True
75,0.0755,1.203203e-03,0.2669,True
76,0.0765,1.203203e-03,0.2669,True
77,0.0775,1.203203e-03,0.2669,True
78,0.0785,1.203202e-03,0.2669,True
79,0.0795,1.203202e-03,0.2669,True
80,0.0805,1.203202e-03,0.2668,True
81,0.0815,1.203202e-03,0.2668,True
82,0.0825,1.203202e-03,0.2668,True
83,0.0835,1.203202e-03,0.2668,True
84,0.0845,1.203202e-03,0.2668,True
85,0.0855,1.203202e-03,0.2668,True
86,0.0865,1.203202e-03,0.2668,True
87,0.0875,1.203202e-03,0.2668,True
88,0.0885,1.203201e-03,0.2668,True
89,0.0895,1.203201e-03,0.2668,True
90,0.0905,1.203201e-03,0.2668,True
91,0.0915,1.203201e-03,0.2668,True
92,0.0925,1.203201e-03,0.2668,True
93,0.0935,1.203201e-03,0.2668,True
94,0.0945,1.203201e-03,0.2668,True
95,0.0955,1.203201e-03,0.2668,True
96,0.0965,1.203201e-03,0.2668,True
97,0.0975,1.203201e-03,0.2668,True
98,0.0985,1.203201e-03,0.2668,True
99,0.0995,1.203201e-03,0.2668,True
100,0.1005,1.203201e-03,0.2668,True
101,0.1015,1.203201e-03,0.2668,True
102,0.1025,1.203201e-03,0.2668,True
103,0.1035,1.203201e-03,0.2668,True
104,0.1045,1.203201e-03,0.2668,True
105,0.1055,1.203201e-03,0.2668,True
106,0.1065,1.203201e-03,0.2667,True
107,0.1075,1.203201e-03,0.2667,True
108,0.1085,1.203201e-03,0.2667,True
109,0.1095,1.203201e-03,0.2667,True
110,0.1105,1.203201e-03,0.2667,True
111,0.1115,1.203201e-03,0.2667,True
112,0.1125,1.203201e-03,0.2667,True
113,0.1135,1.203201e-03,0.2667,True
114,0.1145,1.203201e-03,0.2667,True
115,0.1155,1.203201e-03,0.2667,True
116,0.1165,1.203201e-03,0.2667,True
117,0.1175,1.203201e-03,0.2667,True
118,0.1185,1.203201e-03,0.2667,True
119,0.1195,1.203201e-03,0.2667,True
120,0.1205,1.203201e-03,0.2667,True
121,0.1215,1.203201e-03,0.2667,True
122,0.1225,1.203201e-03,0.2667,True
123,0.1235,1.203201e-03,0.2667,True
124,0.1245,1.203201e-03,0.2667,True
125,0.1255,1.203201e-03,0.2667,True
126,0.1265,1.203201e-03,0.2667,True
127,0.1275,1.203201e-03,0.2667,True
128,0.1285,1.203201e-03,0.2667,True
129,0.1295,1.203201e-03,0.2667,True
130,0.1305,1.203201e-03,0.2667,True
131,0.1315,1.203201e-03,0.2667,True
132,0.1325,1.203201e-03,0.2667,True
133,0.1335,1.203201e-03,0.2667,True
134,0.1345,1.203201e-03,0.2667,True
135,0.1355,1.203201e-03,0.2667,True
136,0.1365,1.203201e-03,0.2667,True
137,0.1375,1.203201e-03,0.2667,True
138,0.1385,1.203201e-03,0.2667,True
139,0.1395,1.203201e-03,0.2667,True
140,0.1405,1.203201e-03,0.2667,True
141,0.1415,1.203201e-03,0.2667,True
142,0.1425,1.203201e-03,0.2667,True
143,0.1435,1.203201e-03,0.2667,True
144,0.1445,1.203201e-03,0.2667,True
145,0.1455,1.203201e-03,0.2667,True
146,0.1465,1.203201e-03,0.2667,True
147,0.1475,1.203201e-03,0.2667,True
148,0.1485,1.203201e-03,0.2667,True
149,0.1495,1.203201e-03,0.2667,True
150,0.1505,1.203201e-03,0.2667,True
151,0.1515,1.203201e-03,0.2667,True
152,0.1525,1.203201e-03,0.2667,True
153,0.1535,1.203201e-03,0.2667,True
154,0.1545,1.203201e-03,0.2667,True
155,0.1555,1.203201e-03,0.2667,True
156,0.1565,1.203201e-03,0.2667,True
157,0.1575,1.203201e-03,0.2667,True
158,0.1585,1.203201e-03,0.2667,True
159,0.1595,1.203201e-03,0.2667,True
160,0.1605,1.203201e-03,0.2667,True
161,0.1615,1.203201e-03,0.2667,True
162,0.1625,1.203201e-03,0.2667,True
163,0.1635,1.203201e-03,0.2667,True
164,0.1645,1.203201e-03,0.2667,True
165,0.1655,1.203201e-03,0.2667,True
166,0.1665,1.203201e-03,0.2667,True
167,0.1675,1.203201e-03,0.2667,True
168,0.1685,1.203201e-03,0.2667,True
169,0.1695,1.203201e-03,0.2667,True
170,0.1705,1.203201e-03,0.2667,True
171,0.1715,1.203201e-03,0.2667,True
172,0.1725,1.203201e-03,0.2667,True
173,0.1735,1.203201e-03,0.2667,True
174,0.1745,1.203201e-03,0.2667,True
175,0.1755,1.203201e-03,0.2667,True
176,0.1765,1.203201e-03,0.2667,True
177,0.1775,1.203201e-03,0.2667,True
178,0.1785,1.203201e-03,0.2667,True
179,0.1795,1.203201e-03,0.2667,True
180,0.1805,1.203201e-03,0.2667,True
181,0.1815,1.203201e-03,0.2667,True
182,0.1825,1.203201e-03,0.2667,True
183,0.1835,1.203201e-03,0.2667,True
184,0.1845,1.203201e-03,0.2667,True
185,0.1855,1.203201e-03,0.2667,True
186,0.1865,1.203201e-03,0.2667,True
187,0.1875,1.203201e-03,0.2667,True
188,0.1885,1.203201e-03,0.2667,True
189,0.1895,1.203201e-03,0.2667,True
190,0.1905,1.203201e-03,0.2667,True
191,0.1915,1.203201e-03,0.2667,True
192,0.1925,1.203201e-03,0.2667,True
193,0.1935,1.203201e-03,0.2667,True
194,0.1945,1.203201e-03,0.2667,True
195,0.1955,1.203201e-03,0.2667,True
196,0.1965,1.203201e-03,0.2667,True
197,0.1975,1.203201e-03,0.2667,True
198,0.1985,1.203201e-03,0.2667,True
199,0.1995,1.203201e-03,0.2667,True
200,0.2005,1.203201e-03,0.2667,True
201,0.2015,1.203201e-03,0.2667,True
202,0.2025,1.203201e-03,0.2667,True
203,0.2035,1.203201e-03,0.2667,True
204,0.2045,1.203201e-03,0.2667,True
205,0.2055,1.203201e-03,0.2667,True
206,0.2065,1.203201e-03,0.2667,True
207,0.2075,1.203201e-03,0.2667,True
208,0.2085,1.203201e-03,0.2667,True
209,0.2095,1.203201e-03,0.2667,True
210,0.2105,1.203201e-03,0.2667,True
211,0.2115,1.203201e-03,0.2667,True
212,0.2125,1.203201e-03,0.2667,True
213,0.2135,1.203201e-03,0.2667,True
214,0.2145,1.203201e-03,0.2667,True
215,0.2155,1.203201e-03,0.2667,True
216,0.2165,1.203201e-03,0.2667,True
217,0.2175,1.203201e-03,0.2667,True
218,0.2185,1.203201e-03,0.2667,True
219,0.2195,1.203201e-03,0.2667,True
220,0.2205,1.203201e-03,0.2667,True
221,0.2215,1.203201e-03,0.2667,True
222,0.2225,1.203201e-03,0.2667,True
223,0.2235,1.203201e-03,0.2667,True
224,0.2245,1.203201e-03,0.2667,True
225,0.2255,1.203201e-03,0.2667,True
226,0.2265,1.203201e-03,0.2667,True
227,0.2275,1.203201e-03,0.2667,True
228,0.2285,1.203201e-03,0.2667,True
229,0.2295,1.203201e-03,0.2667,True
230,0.2305,1.203201e-03,0.2667,True
231,0.2315,1.203201e-03,0.2667,True
232,0.2325,1.203201e-03,0.2667,True
233,0.2335,1.203201e-03,0.2667,True
234,0.2345,1.203201e-03,0.2667,True
235,0.2355,1.203201e-03,0.2667,True
236,0.2365,1.203201e-03,0.2667,True
237,0.2375,1.203201e-03,0.2667,True
238,0.2385,1.203201e-03,0.2667,True
239,0.2395,1.203201e-03,0.2667,True
240,0.2405,1.203201e-03,0.2667,True
241,0.2415,1.203201e-03,0.2667,True
242,0.2425,1.203201e-03,0.2667,True
243,0.2435,1.203201e-03,0.2667,True
244,0.2445,1.203201e-03,0.2667,True
245,0.2455,1.203201e-03,0.2667,True
246,0.2465,1.203201e-03,0.2667,True
247,0.2475,1.203201e-03,0.2667,True
248,0.2485,1.203201e-03,0.2667,True
249,0.2495,1.203201e-03,0.2667,True
250,0.2505,1.203201e-03,0.2667,True
251,0.2515,1.203201e-03,0.2667,True
252,0.2525,1.203201e-03,0.2667,True
253,0.2535,1.203201e-03,0.2667,True
254,0.2545,1.203201e-03,0.2667,True
255,0.2555,1.203201e-03,0.2667,True
256,0.2565,1.203201e-03,0.2667,True
257,0.2575,1.203201e-03,0.2667,True
258,0.2585,1.203201e-03,0.2667,True
259,0.2595,1.203201e-03,0.2667,True
260,0.2605,1.203201e-03,0.2667,True
261,0.2615,1.203201e-03,0.2667,True
262,0.2625,1.203201e-03,0.2667,True
263,0.2635,1.203201e-03,0.2667,True
264,0.2645,1.203201e-03,0.2667,True
265,0.2655,1.203201e-03,0.2667,True
266,0.2665,1.203201e-03,0.2667,True
267,0.2675,1.203201e-03,0.2667,True
268,0.2685,1.203201e-03,0.2667,True
269,0.2695,1.203201e-03,0.2667,True
270,0.2705,1.203201e-03,0.2667,True
271,0.2715,1.203201e-03,0.2667,True
272,0.2725,1.203201e-03,0.2667,True
273,0.2735,1.203201e-03,0.2667,True
274,0.2745,1.203201e-03,0.2667,True
275,0.2755,1.203201e-03,0.2667,True
276,0.2765,1.203201e-03,0.2667,True
277,0.2775,1.203201e-03,0.2667,True
278,0.2785,1.203201e-03,0.2667,True
279,0.2795,1.203201e-03,0.2667,True
280,0.2805,1.203201e-03,0.2667,True
281,0.2815,1.203201e-03,0.2667,True
282,0.2825,1.203201e-03,0.2667,True
283,0.2835,1.203201e-03,0.2667,True
284,0.2845,1.203201e-03,0.2667,True
285,0.2855,1.203201e-03,0.2667,True
286,0.2865,1.203201e-03,0.2667,True
287,0.2875,1.203201e-03,0.2667,True
288,0.2885,1.203201e-03,0.2667,True
289,0.2895,1.203201e-03,0.2667,True
290,0.2905,1.203201e-03,0.2667,True
291,0.2915,1.203201e-03,0.2667,True
292,0.2925,1.203201e-03,0.2667,True
293,0.2935,1.203201e-03,0.2667,True
294,0.2945,1.203201e-03,0.2667,True
295,0.2955,1.203201e-03,0.2667,True
296,0.2965,1.203201e-03,0.2667,True
297,0.2975,1.203201e-03,0.2667,True
298,0.2985,1.203201e-03,0.2667,True
299,0.2995,1.203201e-03,0.2667,True
300,0.3005,1.203201e-03,0.2667,True
301,0.3015,1.203201e-03,0.2667,True
302,0.3025,1.203201e-03,0.2667,True
303,0.3035,1.203201e-03,0.2667,True
304,0.3045,1.203201e-03,0.2667,True
305,0.3055,1.203201e-03,0.2667,True
306,0.3065,1.203201e-03,0.2667,True
307,0.3075,1.203201e-03,0.2667,True
308,0.3085,1.203201e-03,0.2667,True
309,0.3095,1.203201e-03,0.2667,True
310,0.3105,1.203201e-03,0.2667,True
311,0.3115,1.203201e-03,0.2667,True
312,0.3125,1.203201e-03,0.2667,True
313,0.3135,1.203201e-03,0.2667,True
314,0.3145,1.203201e-03,0.2667,True
315,0.3155,1.203201e-03,0.2667,True
316,0.3165,1.203201e-03,0.2667,True
317,0.3175,1.203201e-03,0.2667,True
318,0.3185,1.203201e-03,0.2667,True
319,0.3195,1.203201e-03,0.2667,True
320,0.3205,1.203201e-03,0.2667,True
321,0.3215,1.203201e-03,0.2667,True
322,0.3225,1.203201e-03,0.2667,True
323,0.3235,1.203201e-03,0.2667,True
324,0.3245,1.203201e-03,0.2667,True
325,0.3255,1.203201e-03,0.2667,True
326,0.3265,1.203201e-03,0.2667,True
327,0.3275,1.203201e-03,0.2667,True
328,0.3285,1.203201e-03,0.2667,True
329,0.3295,1.203201e-03,0.2667,True
330,0.3305,1.203201e-03,0.2667,True
331,0.3315,1.203201e-03,0.2667,True
332,0.3325,1.203201e-03,0.2667,True
333,0.3335,1.203201e-03,0.2667,True
334,0.3345,1.203201e-03,0.2667,True
335,0.3355,1.203201e-03,0.2667,True
336,0.3365,1.203201e-03,0.2667,True
337,0.3375,1.203201e-03,0.2667,True
338,0.3385,1.203201e-03,0.2667,True
339,0.3395,1.203201e-03,0.2667,True
340,0.3405,1.203201e-03,0.2667,True
341,0.3415,1.203201e-03,0.2667,True
342,0.3425,1.203201e-03,0.2667,True
343,0.3435,1.203201e-03,0.2667,True
344,0.3445,1.203201e-03,0.2667,True
345,0.3455,1.203201e-03,0.2667,True
346,0.3465,1.203201e-03,0.2667,True
347,0.3475,1.203201e-03,0.2667,True
348,0.3485,1.203201e-03,0.2667,True
349,0.3495,1.203201e-03,0.2667,True
350,0.3505,1.203201e-03,0.2667,True
351,0.3515,1.203201e-03,0.2667,True
352,0.3525,1.203201e-03,0.2667,True
353,0.3535,1.203201e-03,0.2667,True
354,0.3545,1.203201e-03,0.2667,True
355,0.3555,1.203201e-03,0.2667,True
356,0.3565,1.203201e-03,0.2667,True
357,0.3575,1.203201e-03,0.2667,True
358,0.3585,1.203201e-03,0.2667,True
359,0.3595,1.203201e-03,0.2667,True
360,0.3605,1.203201e-03,0.2667,True
361,0.3615,1.203201e-03,0.2667,True
362,0.3625,1.203201e-03,0.2667,True
363,0.3635,1.203201e-03,0.2667,True
364,0.3645,1.203201e-03,0.2667,True
365,0.3655,1.203201e-03,0.2667,True
366,0.3665,1.203201e-03,0.2667,True
367,0.3675,1.203201e-03,0.2667,True
368,0.3685,1.203201e-03,0.2667,True
369,0.3695,1.203201e-03,0.2667,True
370,0.3705,1.203201e-03,0.2667,True
371,0.3715,1.203201e-03,0.2667,True
372,0.3725,1.203201e-03,0.2667,True
373,0.3735,1.203201e-03,0.2667,True
374,0.3745,1.203201e-03,0.2667,True
375,0.3755,1.203201e-03,0.2667,True
376,0.3765,1.203201e-03,0.2667,True
377,0.3775,1.203201e-03,0.2667,True
378,0.3785,1.203201e-03,0.2667,True
379,0.3795,1.203201e-03,0.2667,True
380,0.3805,1.203201e-03,0.2667,True
381,0.3815,1.203201e-03,0.2667,True
382,0.3825,1.203201e-03,0.2667,True
383,0.3835,1.203201e-03,0.2667,True
384,0.3845,1.203201e-03,0.2667,True
385,0.3855,1.203201e-03,0.2667,True
386,0.3865,1.203201e-03,0.2667,True
387,0.3875,1.203201e-03,0.2667,True
388,0.3885,1.203201e-03,0.2667,True
389,0.3895,1.203201e-03,0.2667,True
390,0.3905,1.203201e-03,0.2667,True
391,0.3915,1.203201e-03,0.2667,True
392,0.3925,1.203201e-03,0.2667,True
393,0.3935,1.203201e-03,0.2667,True
394,0.3945,1.203201e-03,0.2667,True
395,0.3955,1.203201e-03,0.2667,True
396,0.3965,1.203201e-03,0.2667,True
397,0.3975,1.203201e-03,0.2667,True
398,0.3985,1.203201e-03,0.2667,True
399,0.3995,1.203201e-03,0.2667,True
400,0.4005,1.203201e-03,0.2667,True
401,0.4015,1.203201e-03,0.2667,True
402,0.4025,1.203201e-03,0.2667,True
403,0.4035,1.203201e-03,0.2667,True
404,0.4045,1.203201e-03,0.2667,True
405,0.4055,1.203201e-03,0.2667,True
406,0.4065,1.203201e-03,0.2667,True
407,0.4075,1.203201e-03,0.2667,True
408,0.4085,1.203201e-03,0.2667,True
409,0.4095,1.203201e-03,0.2667,True
410,0.4105,1.203201e-03,0.2667,True
411,0.4115,1.203201e-03,0.2667,True
412,0.4125,1.203201e-03,0.2667,True
413,0.4135,1.203201e-03,0.2667,True
414,0.4145,1.203201e-03,0.2667,True
415,0.4155,1.203201e-03,0.2667,True
416,0.4165,1.203201e-03,0.2667,True
417,0.4175,1.203201e-03,0.2667,True
418,0.4185,1.203201e-03,0.2667,True
419,0.4195,1.203201e-03,0.2667,True
420,0.4205,1.203201e-03,0.2667,True
421,0.4215,1.203201e-03,0.2667,True
422,0.4225,1.203201e-03,0.2667,True
423,0.4235,1.203201e-03,0.2667,True
424,0.4245,1.203201e-03,0.2667,True
425,0.4255,1.203201e-03,0.2667,True
426,0.4265,1.203201e-03,0.2667,True
427,0.4275,1.203201e-03,0.2667,True
428,0.4285,1.203201e-03,0.2667,True
429,0.4295,1.203201e-03,0.2667,True
430,0.4305,1.203201e-03,0.2667,True
431,0.4315,1.203201e-03,0.2667,True
432,0.4325,1.203201e-03,0.2667,True
433,0.4335,1.203201e-03,0.2667,True
434,0.4345,1.203201e-03,0.2667,True
435,0.4355,1.203201e-03,0.2667,True
436,0.4365,1.203201e-03,0.2667,True
437,0.4375,1.203201e-03,0.2667,True
438,0.4385,1.203201e-03,0.2667,True
439,0.4395,1.203201e-03,0.2667,True
440,0.4405,1.203201e-03,0.2667,True
441,0.4415,1.203201e-03,0.2667,True
442,0.4425,1.203201e-03,0.2667,True
443,0.4435,1.203201e-03,0.2667,True
444,0.4445,1.203201e-03,0.2667,True
445,0.4455,1.203201e-03,0.2667,True
446,0.4465,1.203201e-03,0.2667,True
447,0.4475,1.203201e-03,0.2667,True
448,0.4485,1.203201e-03,0.2667,True
449,0.4495,1.203201e-03,0.2667,True
450,0.4505,1.203201e-03,0.2667,False
451,0.4515,1.203201e-03,0.2667,False
452,0.4525,1.203201e-03,0.2667,False
453,0.4535,1.203201e-03,0.2667,False
454,0.4545,1.203201e-03,0.2667,False
455,0.4555,1.203201e-03,0.2667,False
456,0.4565,1.203201e-03,0.2667,False
457,0.4575,1.203201e-03,0.2667,False
458,0.4585,1.203201e-03,0.2667,False
459,0.4595,1.203201e-03,0.2667,False
460,0.4605,1.203201e-03,0.2667,False
461,0.4615,1.203201e-03,0.2667,False
462,0.4625,1.203201e-03,0.2667,False
463,0.4635,1.203201e-03,0.2667,False
464,0.4645,1.203201e-03,0.2667,False
465,0.4655,1.203201e-03,0.2667,False
466,0.4665,1.203201e-03,0.2667,False
467,0.4675,1.203201e-03,0.2667,False
468,0.4685,1.203201e-03,0.2667,False
469,0.4695,1.203201e-03,0.2667,False
470,0.4705,1.203201e-03,0.2667,False
471,0.4715,1.203201e-03,0.2667,False
472,0.4725,1.203201e-03,0.2667,False
473,0.4735,1.203201e-03,0.2667,False
474,0.4745,1.203201e-03,0.2667,False
475,0.4755,1.203201e-03,0.2667,False
476,0.4765,1.203201e-03,0.2667,False
477,0.4775,1.203201e-03,0.2667,False
478,0.4785,1.203201e-03,0.2667,False
479,0.4795,1.203201e-03,0.2667,False
480,0.4805,1.203201e-03,0.2667,False
481,0.4815,1.203201e-03,0.2667,False
482,0.4825,1.203201e-03,0.2667,False
483,0.4835,1.203201e-03,0.2667,False
484,0.4845,1.203201e-03,0.2667,False
485,0.4855,1.203201e-03,0.2667,False
486,0.4865,1.203201e-03,0.2667,False
487,0.4875,1.203201e-03,0.2667,False
488,0.4885,1.203201e-03,0.2667,False
489,0.4895,1.203201e-03,0.2667,False
490,0.4905,1.203201e-03,0.2667,False
491,0.4915,1.203201e-03,0.2667,False
492,0.4925,1.203201e-03,0.2667,False
493,0.4935,1.203201e-03,0.2667,False
494,0.4945,1.203201e-03,0.2667,False
495,0.4955,1.203201e-03,0.2667,False
496,0.4965,1.203201e-03,0.2667,False
497,0.4975,1.203201e-03,0.2667,False
498,0.4985,1.203201e-03,0.2667,False
499,0.4995,1.203201e-03,0.2667,False

SUMMARY · full wall (500 faces · includes inlet/outlet entrance)
n_wall_faces_all = 500
tau_min_all  kin = 1.190111e-03 (-0.8241%)
tau_max_all  kin = 1.236072e-03 (+3.0060%)
tau_mean_all kin = 1.203296e-03 (+0.2747%)
max |Δ|_all     = 3.0060%
strict pass_all (|Δ|<1%) = 498/500

"SUMMARY · developed region · x ∈ [0.05, 0.45] · 400 faces"
(same convention as dp/dx · case_025 §6 precedent · 10·R inlet/outlet buffer)
tau_min_dev  kin = 1.203201e-03 (+0.2667%)
tau_max_dev  kin = 1.203224e-03 (+0.2686%)
tau_mean_dev kin = 1.203202e-03 (+0.2668%)
max |Δ|_dev     = 0.2686%
strict pass_dev (|Δ|<1%) = 400/400
tau_analytical_kin = 1.200000e-03
